K_BREV_T;K_SAK_T;GYLDIGMAPPING;BREVGYLDIG
PE_AF_03_101;AFP;1;1
PE_AF_04_001;AFP;1;1
PE_AF_04_010;AFP;1;1
PE_AF_04_020;AFP;1;1
PE_AF_04_103;AFP;1;1
PE_AF_04_104;AFP;1;1
PE_AF_04_105;AFP;1;1
PE_AF_04_106;AFP;1;1
PE_AF_04_107;AFP;1;1
PE_AF_04_108;AFP;1;1
PE_AF_04_109;AFP;1;1
PE_AF_04_110;AFP;1;1
PE_AF_04_111;AFP_PRIVAT;1;1
PE_AF_04_112;AFP_PRIVAT;1;1
PE_AF_04_114;AFP_PRIVAT;1;1
PE_AP_01_001;AFP;1;1
PE_AP_01_001;AFP_PRIVAT;1;1
PE_AP_01_001;ALDER;1;1
PE_AP_01_001;BARNEP;1;1
PE_AP_01_001;FAM_PL;1;1
PE_AP_01_001;GAM_YRK;1;1
PE_AP_01_001;GENRL;1;1
PE_AP_01_001;GJENLEV;1;1
PE_AP_01_001;GRBL;1;1
PE_AP_01_001;KRIGSP;1;1
PE_AP_01_001;OMSORG;1;1
PE_AP_01_001;UFOREP;1;1
PE_AP_01_004;AFP;0;0
PE_AP_01_004;AFP_PRIVAT;0;0
PE_AP_01_004;ALDER;0;0
PE_AP_01_004;BARNEP;0;0
PE_AP_01_004;FAM_PL;0;0
PE_AP_01_004;GAM_YRK;0;0
PE_AP_01_004;GENRL;0;0
PE_AP_01_004;GJENLEV;0;0
PE_AP_01_004;GRBL;0;0
PE_AP_01_004;KRIGSP;0;0
PE_AP_01_004;OMSORG;0;0
PE_AP_01_004;UFOREP;0;0
PE_AP_01_006;ALDER;1;1
PE_AP_01_006;GENRL;1;1
PE_AP_04_001;ALDER;1;1
PE_AP_04_010;ALDER;1;1
PE_AP_04_020;ALDER;1;1
PE_AP_04_202;ALDER;1;1
PE_AP_04_203;ALDER;1;1
PE_AP_04_211;ALDER;1;1
PE_AP_04_212;ALDER;1;1
PE_AP_04_214;ALDER;1;1
PE_AP_04_215;ALDER;1;1
PE_AP_04_216;AFP_PRIVAT;1;1
PE_AP_04_216;ALDER;1;1
PE_AP_04_220;ALDER;1;1
PE_AP_04_222;ALDER;1;1
PE_AP_04_223;ALDER;1;1
PE_AP_04_224;ALDER;1;1
PE_AP_04_225;ALDER;1;1
PE_AP_04_901;ALDER;1;1
PE_AP_04_902;ALDER;1;1
PE_AP_04_903;ALDER;1;1
PE_AP_04_904;ALDER;1;1
PE_AP_04_910;ALDER;1;1
PE_AP_04_911;ALDER;1;1
PE_AP_04_912;ALDER;1;1
PE_AP_04_913;ALDER;1;1
PE_AP_04_914;ALDER;1;1
PE_AP_04_920;ALDER;1;1
PE_AP_04_922;ALDER;1;1
PE_BA_01_108;AFP;1;1
PE_BA_01_108;ALDER;1;1
PE_BA_01_108;UFOREP;1;1
PE_BP_01_001;BARNEP;1;1
PE_BP_01_002;BARNEP;1;1
PE_BP_04_001;BARNEP;1;1
PE_BP_04_002;BARNEP;1;1
PE_BP_04_010;BARNEP;1;1
PE_BP_04_011;BARNEP;1;1
PE_BP_04_020;BARNEP;1;1
PE_BP_04_021;BARNEP;1;1
PE_BP_04_030;BARNEP;1;1
PE_BP_04_031;BARNEP;1;1
PE_FT_01_002;AFP;1;1
PE_FT_01_002;ALDER;1;1
PE_FT_01_002;UFOREP;1;1
PE_FT_01_003;AFP;1;1
PE_FT_01_003;ALDER;1;1
PE_FT_01_003;UFOREP;1;1
PE_FT_01_006;AFP;1;1
PE_FT_01_006;ALDER;1;1
PE_FT_01_006;UFOREP;1;1
PE_FT_01_007;AFP;1;1
PE_FT_01_007;ALDER;1;1
PE_FT_01_007;UFOREP;1;1
PE_GP_01_001;GENRL;0;0
PE_GP_01_001;GJENLEV;0;0
PE_GP_01_002;BARNEP;0;0
PE_GP_01_002;GENRL;0;0
PE_GP_01_002;GJENLEV;0;0
PE_GP_01_003;BARNEP;0;0
PE_GP_01_003;GENRL;0;0
PE_GP_01_004;BARNEP;0;0
PE_GP_01_004;GENRL;0;0
PE_GP_01_005;GENRL;0;0
PE_GP_01_005;GJENLEV;0;0
PE_GP_01_005;UFOREP;0;0
PE_GP_01_006;ALDER;0;0
PE_GP_01_006;GENRL;0;0
PE_GP_01_006;GJENLEV;0;0
PE_GP_01_007;UFOREP;0;0
PE_GP_01_008;ALDER;0;0
PE_GP_01_008;GENRL;0;0
PE_GP_01_008;UFOREP;0;0
PE_GP_01_009;BARNEP;0;0
PE_GP_01_009;GENRL;0;0
PE_GP_01_010;AFP;1;1
PE_GP_01_010;AFP_PRIVAT;1;1
PE_GP_01_010;ALDER;1;1
PE_GP_01_010;BARNEP;1;1
PE_GP_01_010;FAM_PL;1;1
PE_GP_01_010;GAM_YRK;1;1
PE_GP_01_010;GENRL;1;1
PE_GP_01_010;GJENLEV;1;1
PE_GP_01_010;GRBL;1;1
PE_GP_01_010;KRIGSP;1;1
PE_GP_01_010;OMSORG;1;1
PE_GP_01_010;UFOREP;1;1
PE_GP_01_011;BARNEP;1;1
PE_GP_01_011;GENRL;1;1
PE_GP_01_011;GJENLEV;1;1
PE_GP_01_012;BARNEP;1;1
PE_GP_01_012;GENRL;1;1
PE_GP_04_001;GJENLEV;1;1
PE_GP_04_010;GJENLEV;1;1
PE_GP_04_020;GJENLEV;1;1
PE_GP_04_022;GJENLEV;1;1
PE_GP_04_023;GJENLEV;1;1
PE_GP_04_024;GJENLEV;1;1
PE_GP_04_025;GJENLEV;1;1
PE_GP_04_026;GJENLEV;1;1
PE_GP_04_027;GJENLEV;1;1
PE_GP_04_028;GJENLEV;1;1
PE_GP_04_029;GJENLEV;1;1
PE_GP_04_030;GJENLEV;1;1
PE_GP_04_031;GJENLEV;1;1
PE_GP_04_032;GJENLEV;1;1
PE_GP_04_033;GJENLEV;1;1
PE_GP_04_034;GJENLEV;1;1
PE_IY_03_047;AFP;1;1
PE_IY_03_047;AFP_PRIVAT;1;1
PE_IY_03_047;ALDER;1;1
PE_IY_03_047;BARNEP;1;1
PE_IY_03_047;FAM_PL;1;1
PE_IY_03_047;GAM_YRK;1;1
PE_IY_03_047;GENRL;1;1
PE_IY_03_047;GJENLEV;1;1
PE_IY_03_047;GRBL;1;1
PE_IY_03_047;KRIGSP;1;1
PE_IY_03_047;OMSORG;1;1
PE_IY_03_047;UFOREP;1;1
PE_IY_03_048;AFP;1;1
PE_IY_03_048;AFP_PRIVAT;1;1
PE_IY_03_048;ALDER;1;1
PE_IY_03_048;BARNEP;1;1
PE_IY_03_048;FAM_PL;1;1
PE_IY_03_048;GAM_YRK;1;1
PE_IY_03_048;GENRL;1;1
PE_IY_03_048;GJENLEV;1;1
PE_IY_03_048;GRBL;1;1
PE_IY_03_048;KRIGSP;1;1
PE_IY_03_048;OMSORG;1;1
PE_IY_03_048;UFOREP;1;1
PE_IY_03_049;AFP;1;1
PE_IY_03_049;AFP_PRIVAT;1;1
PE_IY_03_049;ALDER;1;1
PE_IY_03_049;BARNEP;1;1
PE_IY_03_049;FAM_PL;1;1
PE_IY_03_049;GAM_YRK;1;1
PE_IY_03_049;GENRL;1;1
PE_IY_03_049;GJENLEV;1;1
PE_IY_03_049;GRBL;1;1
PE_IY_03_049;KRIGSP;1;1
PE_IY_03_049;OMSORG;1;1
PE_IY_03_049;UFOREP;1;1
PE_IY_03_051;AFP;1;1
PE_IY_03_051;AFP_PRIVAT;1;1
PE_IY_03_051;ALDER;1;1
PE_IY_03_051;BARNEP;1;1
PE_IY_03_051;FAM_PL;1;1
PE_IY_03_051;GAM_YRK;1;1
PE_IY_03_051;GENRL;1;1
PE_IY_03_051;GJENLEV;1;1
PE_IY_03_051;GRBL;1;1
PE_IY_03_051;KRIGSP;1;1
PE_IY_03_051;OMSORG;1;1
PE_IY_03_051;UFOREP;1;1
PE_IY_03_150;AFP;1;1
PE_IY_03_150;AFP_PRIVAT;1;1
PE_IY_03_150;ALDER;1;1
PE_IY_03_150;BARNEP;1;1
PE_IY_03_150;FAM_PL;1;1
PE_IY_03_150;GAM_YRK;1;1
PE_IY_03_150;GENRL;1;1
PE_IY_03_150;GJENLEV;1;1
PE_IY_03_150;GRBL;1;1
PE_IY_03_150;KRIGSP;1;1
PE_IY_03_150;OMSORG;1;1
PE_IY_03_150;UFOREP;1;1
PE_IY_03_151;AFP;1;1
PE_IY_03_151;AFP_PRIVAT;1;1
PE_IY_03_151;ALDER;1;1
PE_IY_03_151;BARNEP;1;1
PE_IY_03_151;FAM_PL;1;1
PE_IY_03_151;GAM_YRK;1;1
PE_IY_03_151;GENRL;1;1
PE_IY_03_151;GJENLEV;1;1
PE_IY_03_151;GRBL;1;1
PE_IY_03_151;KRIGSP;1;1
PE_IY_03_151;OMSORG;1;1
PE_IY_03_151;UFOREP;1;1
PE_IY_03_152;AFP;1;1
PE_IY_03_152;AFP_PRIVAT;1;1
PE_IY_03_152;ALDER;1;1
PE_IY_03_152;BARNEP;1;1
PE_IY_03_152;FAM_PL;1;1
PE_IY_03_152;GAM_YRK;1;1
PE_IY_03_152;GENRL;1;1
PE_IY_03_152;GJENLEV;1;1
PE_IY_03_152;GRBL;1;1
PE_IY_03_152;KRIGSP;1;1
PE_IY_03_152;OMSORG;1;1
PE_IY_03_152;UFOREP;1;1
PE_IY_03_153;AFP;1;1
PE_IY_03_153;AFP_PRIVAT;1;1
PE_IY_03_153;ALDER;1;1
PE_IY_03_153;BARNEP;1;1
PE_IY_03_153;FAM_PL;1;1
PE_IY_03_153;GAM_YRK;1;1
PE_IY_03_153;GENRL;1;1
PE_IY_03_153;GJENLEV;1;1
PE_IY_03_153;GRBL;1;1
PE_IY_03_153;KRIGSP;1;1
PE_IY_03_153;OMSORG;1;1
PE_IY_03_153;UFOREP;1;1
PE_IY_03_154;AFP;1;1
PE_IY_03_154;AFP_PRIVAT;1;1
PE_IY_03_154;ALDER;1;1
PE_IY_03_154;BARNEP;1;1
PE_IY_03_154;FAM_PL;1;1
PE_IY_03_154;GAM_YRK;1;1
PE_IY_03_154;GENRL;1;1
PE_IY_03_154;GJENLEV;1;1
PE_IY_03_154;GRBL;1;1
PE_IY_03_154;KRIGSP;1;1
PE_IY_03_154;OMSORG;1;1
PE_IY_03_154;UFOREP;1;1
PE_IY_03_155;AFP;1;1
PE_IY_03_155;AFP_PRIVAT;1;1
PE_IY_03_155;ALDER;1;1
PE_IY_03_155;BARNEP;1;1
PE_IY_03_155;FAM_PL;1;1
PE_IY_03_155;GAM_YRK;1;1
PE_IY_03_155;GENRL;1;1
PE_IY_03_155;GJENLEV;1;1
PE_IY_03_155;GRBL;1;1
PE_IY_03_155;KRIGSP;1;1
PE_IY_03_155;OMSORG;1;1
PE_IY_03_155;UFOREP;1;1
PE_IY_03_156;AFP;1;1
PE_IY_03_156;AFP_PRIVAT;1;1
PE_IY_03_156;ALDER;1;1
PE_IY_03_156;BARNEP;1;1
PE_IY_03_156;FAM_PL;1;1
PE_IY_03_156;GAM_YRK;1;1
PE_IY_03_156;GENRL;1;1
PE_IY_03_156;GJENLEV;1;1
PE_IY_03_156;GRBL;1;1
PE_IY_03_156;KRIGSP;1;1
PE_IY_03_156;OMSORG;1;1
PE_IY_03_156;UFOREP;1;1
PE_IY_03_157;AFP;1;1
PE_IY_03_157;AFP_PRIVAT;1;1
PE_IY_03_157;ALDER;1;1
PE_IY_03_157;BARNEP;1;1
PE_IY_03_157;FAM_PL;1;1
PE_IY_03_157;GAM_YRK;1;1
PE_IY_03_157;GENRL;1;1
PE_IY_03_157;GJENLEV;1;1
PE_IY_03_157;GRBL;1;1
PE_IY_03_157;KRIGSP;1;1
PE_IY_03_157;OMSORG;1;1
PE_IY_03_157;UFOREP;1;1
PE_IY_03_158;AFP;1;1
PE_IY_03_158;AFP_PRIVAT;1;1
PE_IY_03_158;ALDER;1;1
PE_IY_03_158;BARNEP;1;1
PE_IY_03_158;FAM_PL;1;1
PE_IY_03_158;GAM_YRK;1;1
PE_IY_03_158;GENRL;1;1
PE_IY_03_158;GJENLEV;1;1
PE_IY_03_158;GRBL;1;1
PE_IY_03_158;KRIGSP;1;1
PE_IY_03_158;OMSORG;1;1
PE_IY_03_158;UFOREP;1;1
PE_IY_03_159;AFP;1;1
PE_IY_03_159;AFP_PRIVAT;1;1
PE_IY_03_159;ALDER;1;1
PE_IY_03_159;BARNEP;1;1
PE_IY_03_159;FAM_PL;1;1
PE_IY_03_159;GAM_YRK;1;1
PE_IY_03_159;GENRL;1;1
PE_IY_03_159;GJENLEV;1;1
PE_IY_03_159;GRBL;1;1
PE_IY_03_159;KRIGSP;1;1
PE_IY_03_159;OMSORG;1;1
PE_IY_03_159;UFOREP;1;1
PE_IY_03_160;AFP;1;1
PE_IY_03_160;AFP_PRIVAT;1;1
PE_IY_03_160;ALDER;1;1
PE_IY_03_160;BARNEP;1;1
PE_IY_03_160;FAM_PL;1;1
PE_IY_03_160;GAM_YRK;1;1
PE_IY_03_160;GENRL;1;1
PE_IY_03_160;GJENLEV;1;1
PE_IY_03_160;GRBL;1;1
PE_IY_03_160;KRIGSP;1;1
PE_IY_03_160;OMSORG;1;1
PE_IY_03_160;UFOREP;1;1
PE_IY_03_161;AFP;1;1
PE_IY_03_161;AFP_PRIVAT;1;1
PE_IY_03_161;ALDER;1;1
PE_IY_03_161;BARNEP;1;1
PE_IY_03_161;FAM_PL;1;1
PE_IY_03_161;GAM_YRK;1;1
PE_IY_03_161;GENRL;1;1
PE_IY_03_161;GJENLEV;1;1
PE_IY_03_161;GRBL;1;1
PE_IY_03_161;KRIGSP;1;1
PE_IY_03_161;OMSORG;1;1
PE_IY_03_161;UFOREP;1;1
PE_IY_03_162;AFP;1;1
PE_IY_03_162;AFP_PRIVAT;1;1
PE_IY_03_162;ALDER;1;1
PE_IY_03_162;BARNEP;1;1
PE_IY_03_162;FAM_PL;1;1
PE_IY_03_162;GAM_YRK;1;1
PE_IY_03_162;GENRL;1;1
PE_IY_03_162;GJENLEV;1;1
PE_IY_03_162;GRBL;1;1
PE_IY_03_162;KRIGSP;1;1
PE_IY_03_162;OMSORG;1;1
PE_IY_03_162;UFOREP;1;1
PE_IY_03_163;AFP;1;1
PE_IY_03_163;AFP_PRIVAT;1;1
PE_IY_03_163;ALDER;1;1
PE_IY_03_163;BARNEP;1;1
PE_IY_03_163;FAM_PL;1;1
PE_IY_03_163;GAM_YRK;1;1
PE_IY_03_163;GENRL;1;1
PE_IY_03_163;GJENLEV;1;1
PE_IY_03_163;GRBL;1;1
PE_IY_03_163;KRIGSP;1;1
PE_IY_03_163;OMSORG;1;1
PE_IY_03_163;UFOREP;1;1
PE_IY_03_164;AFP;1;1
PE_IY_03_164;AFP_PRIVAT;1;1
PE_IY_03_164;ALDER;1;1
PE_IY_03_164;BARNEP;1;1
PE_IY_03_164;FAM_PL;1;1
PE_IY_03_164;GAM_YRK;1;1
PE_IY_03_164;GENRL;1;1
PE_IY_03_164;GJENLEV;1;1
PE_IY_03_164;GRBL;1;1
PE_IY_03_164;KRIGSP;1;1
PE_IY_03_164;OMSORG;1;1
PE_IY_03_164;UFOREP;1;1
PE_IY_03_165;ALDER;1;1
PE_IY_03_165;BARNEP;1;1
PE_IY_03_165;GJENLEV;1;1
PE_IY_03_166;ALDER;1;1
PE_IY_03_166;BARNEP;1;1
PE_IY_03_166;GJENLEV;1;1
PE_IY_03_167;ALDER;1;1
PE_IY_03_167;BARNEP;1;1
PE_IY_03_167;GJENLEV;1;1
PE_IY_03_168;AFP;1;1
PE_IY_03_168;AFP_PRIVAT;1;1
PE_IY_03_168;ALDER;1;1
PE_IY_03_168;BARNEP;1;1
PE_IY_03_168;FAM_PL;1;1
PE_IY_03_168;GAM_YRK;1;1
PE_IY_03_168;GENRL;1;1
PE_IY_03_168;GJENLEV;1;1
PE_IY_03_168;GRBL;1;1
PE_IY_03_168;KRIGSP;1;1
PE_IY_03_168;OMSORG;1;1
PE_IY_03_168;UFOREP;1;1
PE_IY_03_169;UFOREP;1;1
PE_IY_03_170;UFOREP;1;1
PE_IY_03_171;UFOREP;1;1
PE_IY_03_172;UFOREP;1;1
PE_IY_03_173;UFOREP;1;1
PE_IY_03_174;AFP;1;1
PE_IY_03_174;AFP_PRIVAT;1;1
PE_IY_03_174;ALDER;1;1
PE_IY_03_174;BARNEP;1;1
PE_IY_03_174;FAM_PL;1;1
PE_IY_03_174;GAM_YRK;1;1
PE_IY_03_174;GENRL;1;1
PE_IY_03_174;GJENLEV;1;1
PE_IY_03_174;GRBL;1;1
PE_IY_03_174;KRIGSP;1;1
PE_IY_03_174;OMSORG;1;1
PE_IY_03_174;UFOREP;1;1
PE_IY_03_175;AFP;1;1
PE_IY_03_175;AFP_PRIVAT;1;1
PE_IY_03_175;ALDER;1;1
PE_IY_03_175;BARNEP;1;1
PE_IY_03_175;FAM_PL;1;1
PE_IY_03_175;GAM_YRK;1;1
PE_IY_03_175;GENRL;1;1
PE_IY_03_175;GJENLEV;1;1
PE_IY_03_175;GRBL;1;1
PE_IY_03_175;KRIGSP;1;1
PE_IY_03_175;OMSORG;1;1
PE_IY_03_175;UFOREP;1;1
PE_IY_03_176;AFP;1;1
PE_IY_03_176;AFP_PRIVAT;1;1
PE_IY_03_176;ALDER;1;1
PE_IY_03_176;BARNEP;1;1
PE_IY_03_176;FAM_PL;1;1
PE_IY_03_176;GAM_YRK;1;1
PE_IY_03_176;GENRL;1;1
PE_IY_03_176;GJENLEV;1;1
PE_IY_03_176;GRBL;1;1
PE_IY_03_176;KRIGSP;1;1
PE_IY_03_176;OMSORG;1;1
PE_IY_03_176;UFOREP;1;1
PE_IY_03_177;AFP;1;1
PE_IY_03_177;AFP_PRIVAT;1;1
PE_IY_03_177;ALDER;1;1
PE_IY_03_177;BARNEP;1;1
PE_IY_03_177;FAM_PL;1;1
PE_IY_03_177;GAM_YRK;1;1
PE_IY_03_177;GENRL;1;1
PE_IY_03_177;GJENLEV;1;1
PE_IY_03_177;GRBL;1;1
PE_IY_03_177;KRIGSP;1;1
PE_IY_03_177;OMSORG;1;1
PE_IY_03_177;UFOREP;1;1
PE_IY_03_178;AFP;1;1
PE_IY_03_178;AFP_PRIVAT;1;1
PE_IY_03_178;ALDER;1;1
PE_IY_03_178;BARNEP;1;1
PE_IY_03_178;FAM_PL;1;1
PE_IY_03_178;GAM_YRK;1;1
PE_IY_03_178;GENRL;1;1
PE_IY_03_178;GJENLEV;1;1
PE_IY_03_178;GRBL;1;1
PE_IY_03_178;KRIGSP;1;1
PE_IY_03_178;OMSORG;1;1
PE_IY_03_178;UFOREP;1;1
PE_IY_03_179;AFP;1;1
PE_IY_03_179;AFP_PRIVAT;1;1
PE_IY_03_179;ALDER;1;1
PE_IY_03_179;BARNEP;1;1
PE_IY_03_179;FAM_PL;1;1
PE_IY_03_179;GAM_YRK;1;1
PE_IY_03_179;GENRL;1;1
PE_IY_03_179;GJENLEV;1;1
PE_IY_03_179;GRBL;1;1
PE_IY_03_179;KRIGSP;1;1
PE_IY_03_179;OMSORG;1;1
PE_IY_03_179;UFOREP;1;1
PE_IY_03_180;AFP;1;1
PE_IY_03_180;AFP_PRIVAT;1;1
PE_IY_03_180;ALDER;1;1
PE_IY_03_180;BARNEP;1;1
PE_IY_03_180;FAM_PL;1;1
PE_IY_03_180;GAM_YRK;1;1
PE_IY_03_180;GENRL;1;1
PE_IY_03_180;GJENLEV;1;1
PE_IY_03_180;GRBL;1;1
PE_IY_03_180;KRIGSP;1;1
PE_IY_03_180;OMSORG;1;1
PE_IY_03_180;UFOREP;1;1
PE_IY_04_001;OMSORG;1;1
PE_IY_04_010;OMSORG;1;1
PE_IY_04_050;AFP;1;1
PE_IY_04_050;AFP_PRIVAT;1;1
PE_IY_04_050;ALDER;1;1
PE_IY_04_050;BARNEP;1;1
PE_IY_04_050;FAM_PL;1;1
PE_IY_04_050;GAM_YRK;1;1
PE_IY_04_050;GENRL;1;1
PE_IY_04_050;GJENLEV;1;1
PE_IY_04_050;GRBL;1;1
PE_IY_04_050;KRIGSP;1;1
PE_IY_04_050;OMSORG;1;1
PE_IY_04_050;UFOREP;1;1
PE_IY_04_051;AFP;1;1
PE_IY_04_051;AFP_PRIVAT;1;1
PE_IY_04_051;ALDER;1;1
PE_IY_04_051;BARNEP;1;1
PE_IY_04_051;FAM_PL;1;1
PE_IY_04_051;GAM_YRK;1;1
PE_IY_04_051;GENRL;1;1
PE_IY_04_051;GJENLEV;1;1
PE_IY_04_051;GRBL;1;1
PE_IY_04_051;KRIGSP;1;1
PE_IY_04_051;OMSORG;1;1
PE_IY_04_051;UFOREP;1;1
PE_IY_04_060;AFP;1;1
PE_IY_04_060;AFP_PRIVAT;1;1
PE_IY_04_060;ALDER;1;1
PE_IY_04_060;BARNEP;1;1
PE_IY_04_060;FAM_PL;1;1
PE_IY_04_060;GAM_YRK;1;1
PE_IY_04_060;GENRL;1;1
PE_IY_04_060;GJENLEV;1;1
PE_IY_04_060;GRBL;1;1
PE_IY_04_060;KRIGSP;1;1
PE_IY_04_060;OMSORG;1;1
PE_IY_04_060;UFOREP;1;1
PE_IY_04_061;AFP;1;1
PE_IY_04_061;AFP_PRIVAT;1;1
PE_IY_04_061;ALDER;1;1
PE_IY_04_061;BARNEP;1;1
PE_IY_04_061;FAM_PL;1;1
PE_IY_04_061;GAM_YRK;1;1
PE_IY_04_061;GENRL;1;1
PE_IY_04_061;GJENLEV;1;1
PE_IY_04_061;GRBL;1;1
PE_IY_04_061;KRIGSP;1;1
PE_IY_04_061;OMSORG;1;1
PE_IY_04_061;UFOREP;1;1
PE_IY_04_125;ALDER;1;1
PE_IY_04_126;ALDER;1;1
PE_IY_04_127;ALDER;1;1
PE_IY_05_006;AFP;1;1
PE_IY_05_006;AFP_PRIVAT;1;1
PE_IY_05_006;ALDER;1;1
PE_IY_05_006;BARNEP;1;1
PE_IY_05_006;FAM_PL;1;1
PE_IY_05_006;GAM_YRK;1;1
PE_IY_05_006;GENRL;1;1
PE_IY_05_006;GJENLEV;1;1
PE_IY_05_006;GRBL;1;1
PE_IY_05_006;KRIGSP;1;1
PE_IY_05_006;OMSORG;1;1
PE_IY_05_006;UFOREP;1;1
PE_IY_05_007;AFP;1;1
PE_IY_05_007;AFP_PRIVAT;1;1
PE_IY_05_007;ALDER;1;1
PE_IY_05_007;BARNEP;1;1
PE_IY_05_007;FAM_PL;1;1
PE_IY_05_007;GAM_YRK;1;1
PE_IY_05_007;GENRL;1;1
PE_IY_05_007;GJENLEV;1;1
PE_IY_05_007;GRBL;1;1
PE_IY_05_007;KRIGSP;1;1
PE_IY_05_007;OMSORG;1;1
PE_IY_05_007;UFOREP;1;1
PE_IY_05_008;AFP;1;1
PE_IY_05_008;AFP_PRIVAT;1;1
PE_IY_05_008;ALDER;1;1
PE_IY_05_008;BARNEP;1;1
PE_IY_05_008;FAM_PL;1;1
PE_IY_05_008;GAM_YRK;1;1
PE_IY_05_008;GENRL;1;1
PE_IY_05_008;GJENLEV;1;1
PE_IY_05_008;GRBL;1;1
PE_IY_05_008;KRIGSP;1;1
PE_IY_05_008;OMSORG;1;1
PE_IY_05_008;UFOREP;1;1
PE_IY_05_027;AFP;1;1
PE_IY_05_027;AFP_PRIVAT;1;1
PE_IY_05_027;ALDER;1;1
PE_IY_05_027;BARNEP;1;1
PE_IY_05_027;FAM_PL;1;1
PE_IY_05_027;GAM_YRK;1;1
PE_IY_05_027;GENRL;1;1
PE_IY_05_027;GJENLEV;1;1
PE_IY_05_027;GRBL;1;1
PE_IY_05_027;KRIGSP;1;1
PE_IY_05_027;OMSORG;1;1
PE_IY_05_027;UFOREP;1;1
PE_IY_05_041;AFP;1;1
PE_IY_05_041;AFP_PRIVAT;1;1
PE_IY_05_041;ALDER;1;1
PE_IY_05_041;BARNEP;1;1
PE_IY_05_041;FAM_PL;1;1
PE_IY_05_041;GAM_YRK;1;1
PE_IY_05_041;GENRL;1;1
PE_IY_05_041;GJENLEV;1;1
PE_IY_05_041;GRBL;1;1
PE_IY_05_041;KRIGSP;1;1
PE_IY_05_041;OMSORG;1;1
PE_IY_05_041;UFOREP;1;1
PE_IY_05_101;OMSORG;1;1
PE_IY_05_102;GENRL;1;1
PE_IY_05_102;OMSORG;1;1
PE_IY_05_104;GENRL;1;1
PE_IY_05_104;OMSORG;1;1
PE_IY_05_105;GENRL;1;1
PE_IY_05_105;OMSORG;1;1
PE_IY_05_111;GENRL;1;1
PE_IY_05_200;OMSORG;1;1
PE_IY_05_201;OMSORG;1;1
PE_IY_05_241;ALDER;1;1
PE_IY_05_300;AFP;1;1
PE_IY_05_300;AFP_PRIVAT;1;1
PE_IY_05_300;ALDER;1;1
PE_IY_05_300;BARNEP;1;1
PE_IY_05_300;FAM_PL;1;1
PE_IY_05_300;GAM_YRK;1;1
PE_IY_05_300;GENRL;1;1
PE_IY_05_300;GJENLEV;1;1
PE_IY_05_300;GRBL;1;1
PE_IY_05_300;KRIGSP;1;1
PE_IY_05_300;OMSORG;1;1
PE_IY_05_300;UFOREP;1;1
PE_IY_05_301;AFP;1;1
PE_IY_05_301;AFP_PRIVAT;1;1
PE_IY_05_301;ALDER;1;1
PE_IY_05_301;BARNEP;1;1
PE_IY_05_301;FAM_PL;1;1
PE_IY_05_301;GAM_YRK;1;1
PE_IY_05_301;GENRL;1;1
PE_IY_05_301;GJENLEV;1;1
PE_IY_05_301;GRBL;1;1
PE_IY_05_301;KRIGSP;1;1
PE_IY_05_301;OMSORG;1;1
PE_IY_05_301;UFOREP;1;1
PE_IY_05_401;AFP;1;1
PE_IY_05_401;AFP_PRIVAT;1;1
PE_IY_05_401;ALDER;1;1
PE_IY_05_401;BARNEP;1;1
PE_IY_05_401;FAM_PL;1;1
PE_IY_05_401;GAM_YRK;1;1
PE_IY_05_401;GENRL;1;1
PE_IY_05_401;GJENLEV;1;1
PE_IY_05_401;GRBL;1;1
PE_IY_05_401;KRIGSP;1;1
PE_IY_05_401;OMSORG;1;1
PE_IY_05_401;UFOREP;1;1
PE_IY_05_410;AFP;1;1
PE_IY_05_410;AFP_PRIVAT;1;1
PE_IY_05_410;ALDER;1;1
PE_IY_05_410;BARNEP;1;1
PE_IY_05_410;FAM_PL;1;1
PE_IY_05_410;GAM_YRK;1;1
PE_IY_05_410;GENRL;1;1
PE_IY_05_410;GJENLEV;1;1
PE_IY_05_410;GRBL;1;1
PE_IY_05_410;KRIGSP;1;1
PE_IY_05_410;OMSORG;1;1
PE_IY_05_410;UFOREP;1;1
PE_IY_05_411;AFP;1;1
PE_IY_05_411;AFP_PRIVAT;1;1
PE_IY_05_411;ALDER;1;1
PE_IY_05_411;BARNEP;1;1
PE_IY_05_411;FAM_PL;1;1
PE_IY_05_411;GAM_YRK;1;1
PE_IY_05_411;GENRL;1;1
PE_IY_05_411;GJENLEV;1;1
PE_IY_05_411;GRBL;1;1
PE_IY_05_411;KRIGSP;1;1
PE_IY_05_411;OMSORG;1;1
PE_IY_05_411;UFOREP;1;1
PE_IY_06_103;AFP_PRIVAT;1;1
PE_IY_06_103;ALDER;1;1
PE_IY_06_510;AFP;1;1
PE_IY_06_510;AFP_PRIVAT;1;1
PE_IY_06_510;ALDER;1;1
PE_IY_06_510;BARNEP;1;1
PE_IY_06_510;FAM_PL;1;1
PE_IY_06_510;GAM_YRK;1;1
PE_IY_06_510;GENRL;1;1
PE_IY_06_510;GJENLEV;1;1
PE_IY_06_510;GRBL;1;1
PE_IY_06_510;KRIGSP;1;1
PE_IY_06_510;OMSORG;1;1
PE_IY_06_510;UFOREP;1;1
PE_IY_06_511;AFP;1;1
PE_IY_06_511;AFP_PRIVAT;1;1
PE_IY_06_511;ALDER;1;1
PE_IY_06_511;BARNEP;1;1
PE_IY_06_511;FAM_PL;1;1
PE_IY_06_511;GAM_YRK;1;1
PE_IY_06_511;GENRL;1;1
PE_IY_06_511;GJENLEV;1;1
PE_IY_06_511;GRBL;1;1
PE_IY_06_511;KRIGSP;1;1
PE_IY_06_511;OMSORG;1;1
PE_IY_06_511;UFOREP;1;1
PE_OK_06_100;AFP;1;1
PE_OK_06_100;AFP_PRIVAT;1;1
PE_OK_06_100;ALDER;1;1
PE_OK_06_100;BARNEP;1;1
PE_OK_06_100;FAM_PL;1;1
PE_OK_06_100;GAM_YRK;1;1
PE_OK_06_100;GENRL;1;1
PE_OK_06_100;GJENLEV;1;1
PE_OK_06_100;GRBL;1;1
PE_OK_06_100;KRIGSP;1;1
PE_OK_06_100;OMSORG;1;1
PE_OK_06_100;UFOREP;1;1
PE_OK_06_101;AFP;1;1
PE_OK_06_101;AFP_PRIVAT;1;1
PE_OK_06_101;ALDER;1;1
PE_OK_06_101;BARNEP;1;1
PE_OK_06_101;FAM_PL;1;1
PE_OK_06_101;GAM_YRK;1;1
PE_OK_06_101;GENRL;1;1
PE_OK_06_101;GJENLEV;1;1
PE_OK_06_101;GRBL;1;1
PE_OK_06_101;KRIGSP;1;1
PE_OK_06_101;OMSORG;1;1
PE_OK_06_101;UFOREP;1;1
PE_OK_06_102;AFP;1;1
PE_OK_06_102;AFP_PRIVAT;1;1
PE_OK_06_102;ALDER;1;1
PE_OK_06_102;BARNEP;1;1
PE_OK_06_102;FAM_PL;1;1
PE_OK_06_102;GAM_YRK;1;1
PE_OK_06_102;GENRL;1;1
PE_OK_06_102;GJENLEV;1;1
PE_OK_06_102;GRBL;1;1
PE_OK_06_102;KRIGSP;1;1
PE_OK_06_102;OMSORG;1;1
PE_OK_06_102;UFOREP;1;1
PE_UP_02_002;UFOREP;1;0
PE_UP_04_001;UFOREP;1;1
PE_UP_04_010;UFOREP;1;1
PE_UP_04_020;UFOREP;1;1
PE_UP_04_021;UFOREP;1;1
PE_UP_04_022;UFOREP;1;1
PE_UP_04_023;UFOREP;1;1
PE_UP_04_024;UFOREP;1;1
PE_UP_04_025;UFOREP;1;1
PE_UP_04_026;UFOREP;1;1
PE_UP_04_027;UFOREP;1;1
PE_UP_04_028;UFOREP;1;1
PE_UP_04_029;UFOREP;1;1
PE_UP_04_030;UFOREP;1;1
PE_BA_04_534;ALDER;1;1
PE_UP_07_010;UFOREP;1;1
PE_UP_07_105;UFOREP;1;1
PE_UP_07_100;UFOREP;1;1
PE_UT_04_001;UFOREP;1;1
PE_UT_04_002;AFP;1;1
PE_UT_04_002;AFP_PRIVAT;1;1
PE_UT_04_002;ALDER;1;1
PE_UT_04_002;BARNEP;1;1
PE_UT_04_002;FAM_PL;1;1
PE_UT_04_002;GAM_YRK;1;1
PE_UT_04_002;GENRL;1;1
PE_UT_04_002;GJENLEV;1;1
PE_UT_04_002;GRBL;1;1
PE_UT_04_002;KRIGSP;1;1
PE_UT_04_002;OMSORG;1;1
PE_UT_04_002;UFOREP;1;1
PE_UT_04_003;UFOREP;1;1
PE_IY_03_167;AFP;1;1
PE_IY_03_167;AFP_PRIVAT;1;1
PE_IY_03_167;FAM_PL;1;1
PE_IY_03_167;GAM_YRK;1;1
PE_IY_03_167;GENRL;1;1
PE_IY_03_167;GRBL;1;1
PE_IY_03_167;KRIGSP;1;1
PE_IY_03_167;OMSORG;1;1
PE_IY_03_167;UFOREP;1;1
PE_UT_04_100;UFOREP;1;1
PE_UT_04_101;UFOREP;1;1
PE_UT_04_102;UFOREP;1;1
PE_UT_04_103;UFOREP;1;1
PE_UT_04_104;UFOREP;1;1
PE_UT_04_114;UFOREP;1;1
PE_UT_04_115;UFOREP;1;1
PE_UT_04_117;UFOREP;1;1
PE_UT_04_300;UFOREP;1;1
PE_UT_04_004;UFOREP;1;1
PE_UT_07_100;UFOREP;1;1
PE_UT_04_401;UFOREP;1;1
PE_UT_04_118;UFOREP;1;1
PE_UT_04_400;UFOREP;1;1
PE_UT_04_402;UFOREP;1;1
PE_UT_04_106;UFOREP;1;1
PE_UT_04_107;UFOREP;1;1
PE_UT_04_108;UFOREP;1;1
PE_UT_04_109;UFOREP;1;1
PE_UT_06_300;UFOREP;1;1
VARSEL_REVURD;ALDER;1;1
VARSEL_REVURD;AFP;1;1
VARSEL_REVURD;AFP_PRIVAT;1;1
VARSEL_REVURD;BARNEP;1;1
VARSEL_REVURD;FAM_PL;1;1
VARSEL_REVURD;GJENLEV;1;1
AP_AVSL_FT_MAN;ALDER;1;1
DSYS_G_REDIGERBAR;ALDER;1;0
DSYS_G_I_REDIGERBAR;ALDER;1;0
DSYS_G_REDIGERBAR;UFOREP;1;0
DSYS_G_I_REDIGERBAR;UFOREP;1;0
AP_AVSL_ENDR;ALDER;1;1
AP_AVSL_TIDLUTTAK;ALDER;1;1
AP_AVSL_UTTAK;ALDER;1;1
DOD_INFO_RETT_MAN;BARNEP;1;1
DOD_INFO_RETT_MAN;ALDER;1;1
DOD_INFO_RETT_MAN;GJENLEV;1;1
DOD_INFO_RETT_MAN;UFOREP;1;1
INFO_P1;ALDER;1;1
INFO_P1;UFOREP;1;1
INFO_P1;BARNEP;1;1
INFO_P1;GJENLEV;1;1
AP_INNV_MAN;ALDER;1;1
AP_OPPH_FT_MAN;ALDER;1;1
AP_AVSL_GJRETT_MAN;ALDER;1;1
AP_INNV_AVT_MAN;ALDER;1;1
AP_ENDR_GRAD_MAN;ALDER;1;1
AP_ENDR_STANS_MAN;ALDER;1;1
AP_ENDR_EPS_MAN;ALDER;1;1
BP_AVSL_MAN;BARNEP;1;1
BP_OPPH_MAN;BARNEP;1;1
AP_ENDR_FLYTT_MAN;ALDER;1;1
AP_ENDR_GJRETT_MAN;ALDER;1;1
AP_ENDR_OPPTJ_MAN;ALDER;1;1
AP_ENDR_FT_MAN;ALDER;1;1
OMSORG_EGEN_MAN;OMSORG;1;1
AP_STANS_FLYTT_MAN;ALDER;1;1
AP_INFO_STID_MAN;ALDER;1;1
AP_INFO_STID_MAN;AFP;1;1
AP_INFO_STID_MAN;AFP_PRIVAT;1;1
AP_INFO_STID_MAN;BARNEP;1;1
AP_INFO_STID_MAN;FAM_PL;1;1
AP_INFO_STID_MAN;GAM_YRK;1;1
AP_INFO_STID_MAN;GENRL;1;1
AP_INFO_STID_MAN;GJENLEV;1;1
AP_INFO_STID_MAN;GRBL;1;1
AP_INFO_STID_MAN;KRIGSP;1;1
AP_INFO_STID_MAN;OMSORG;1;1
AP_INFO_STID_MAN;UFOREP;1;1
AP_ENDR_INST_MAN;ALDER;1;1
HENT_INFO_MAN;AFP;1;1
HENT_INFO_MAN;AFP_PRIVAT;1;1
HENT_INFO_MAN;ALDER;1;1
HENT_INFO_MAN;BARNEP;1;1
HENT_INFO_MAN;FAM_PL;1;1
HENT_INFO_MAN;GAM_YRK;1;1
HENT_INFO_MAN;GENRL;1;1
HENT_INFO_MAN;GJENLEV;1;1
HENT_INFO_MAN;GRBL;1;1
HENT_INFO_MAN;KRIGSP;1;1
HENT_INFO_MAN;OMSORG;1;1
VARSEL_TILBAKEBET;ALDER;1;1
VARSEL_TILBAKEBET;AFP;1;1
VARSEL_TILBAKEBET;AFP_PRIVAT;1;1
VARSEL_TILBAKEBET;BARNEP;1;1
VARSEL_TILBAKEBET;FAM_PL;1;1
VARSEL_TILBAKEBET;GENRL;1;1
VARSEL_TILBAKEBET;GJENLEV;1;1
